{
  "": {
    "swift-dependencies": "/Users/ifuwo/Projects/PerfectTemplate/.build/debug/PerfectTemplate.build/master.swiftdeps"
  },
  "/Users/ifuwo/Projects/PerfectTemplate/Sources/main.swift": {
    "dependencies": "/Users/ifuwo/Projects/PerfectTemplate/.build/debug/PerfectTemplate.build/main.d",
    "object": "/Users/ifuwo/Projects/PerfectTemplate/.build/debug/PerfectTemplate.build/main.swift.o",
    "swiftmodule": "/Users/ifuwo/Projects/PerfectTemplate/.build/debug/PerfectTemplate.build/main~partial.swiftmodule",
    "swift-dependencies": "/Users/ifuwo/Projects/PerfectTemplate/.build/debug/PerfectTemplate.build/main.swiftdeps"
  }
}
